id;name;url;extension;file_size;hits
1;Savings Account;http://chauncey.name;Avon Rustic Alabama;Central online back-end;25807
2;input Generic Metal Shirt Personal Loan Account;https://angus.org;Investment Account;reinvent;88256
3;invoice;http://waino.name;Tuvalu Quality Yuan Renminbi;Associate;46404
4;Tuna Land withdrawal;http://iliana.name;Generic;azure tertiary;47819
5;even-keeled invoice;https://francisco.org;GB;Cotton payment benchmark;18547
6;Rubber Generic Cotton Pizza;http://yadira.com;Plastic Mississippi;Shoes;59197
7;methodology Orchard Borders;https://olaf.org;connect;New Hampshire input;30897
8;SQL well-modulated Handcrafted Granite Chips;https://lily.info;input sexy Ecuador;partnerships Avon Bacon;23628
9;Adaptive New Leu Intelligent Frozen Mouse;https://nick.info;online;cross-platform monitor;86644
10;synergistic;https://jayne.biz;platforms orange;Bacon;61756
