id;title;active;description;rating_sum;rating_number;view
1;invoice infomediaries;true;Avon 24/7;91237;32816;45881
2;Forint transparent;false;Operations neural El Salvador Colon US Dollar;38462;59233;37067
3;Chicken Automotive azure;true;optical Chicken Intelligent Cotton Car;32514;75807;13776
4;Rwanda Down-sized fault-tolerant;false;Surinam Dollar;86393;20010;21636
5;orchid;true;Multi-tiered Technician Buckinghamshire;49854;37325;60340
6;Operations Money Market Account;false;utilisation Steel back up;38671;30136;2753
7;Metal;true;Games;4018;60007;89313
8;sensor Uzbekistan turn-key;true;orchid Savings Account Pataca;36889;73241;34235
9;turquoise Gorgeous Soft Tuna Beauty;true;back up;45836;87803;56127
10;primary;true;New Mexico Unbranded Frozen Pants;66340;59075;61202
